{
    "accuracy": 0.8080093173266439,
    "precision": 0.7887298091042585,
    "recall": 0.8124409151068255,
    "f1": 0.800409797895129
}